かぐや1,告白,こくはく,0,5
かぐや10,解散,かいさん,0,5
かぐや2,ババ抜き,ばばぬき,0,5
かぐや3,地点,ちてん,0,5
かぐや4,答える,こたえる,0,5
かぐや5,一口,ひとくち,0,5
かぐや6,隠す,かくす,0,5
かぐや7,随分,ずいぶん,0,5
かぐや8,静か,しずか,0,5
かぐや9,旧,きゅう,0,5
ひとりぼっち vol. 2,泣きぼくろ,なきぼくろ,0,5
ひとりぼっち vol. 3,頭突き,ずつき,0,5
かぐや1,結ぶ,むすぶ,1,5
かぐや10,夜道,よみち,1,5
かぐや2,暇,ひま,1,5
かぐや3,対象,たいしょう,1,5
かぐや4,丘,おか,1,5
かぐや5,怒る,おこる,1,5
かぐや6,百戦錬磨,ひゃくせんれんま,1,5
かぐや7,皆,みんな,1,5
かぐや8,散歩,さんぽ,1,5
かぐや9,財閥,ざいばつ,1,5
ひとりぼっち vol. 2,反す,かえす,1,5
ひとりぼっち vol. 3,石頭,いしあたま,1,5
かぐや1,素晴らしい,すばらしい,2,5
かぐや10,真面目,まじめ,2,5
かぐや2,早過ぎる,はやすぎる,2,5
かぐや3,現れる,あらわれる,2,5
かぐや4,菊,きく,2,5
かぐや5,伝統,でんとう,2,5
かぐや6,呼び名,よびな,2,5
かぐや7,旅行,りょこう,2,5
かぐや8,当番,とうばん,2,5
かぐや9,一角,いっかく,2,5
ひとりぼっち vol. 2,暴言,ぼうげん,2,5
ひとりぼっち vol. 3,自称,じしょう,2,5
かぐや1,恋人,こいびと,3,5
かぐや10,近寄る,ちかよる,3,5
かぐや2,手持ち無沙汰,てもちぶさた,3,5
かぐや3,現在,げんざい,3,5
かぐや4,解く,とく,3,5
かぐや5,生徒,せいと,3,5
かぐや6,頂ける,いただける,3,5
かぐや7,親睦,しんぼく,3,5
かぐや8,早め,はやめ,3,5
かぐや9,窓,まど,3,5
ひとりぼっち vol. 2,吐く,はく,3,5
ひとりぼっち vol. 3,要所,ようしょ,3,5
かぐや1,間,あいだ,4,5
かぐや10,冗談,じょうだん,4,5
かぐや2,限度,げんど,4,5
かぐや3,乗る,のる,4,5
かぐや4,位,くらい,4,5
かぐや5,自覚,じかく,4,5
かぐや6,判る,わかる,4,5
かぐや7,兼ねて,かねて,4,5
かぐや8,会計,かいけい,4,5
かぐや9,眺める,ながめる,4,5
ひとりぼっち vol. 2,両きき,りょうきき,4,5
ひとりぼっち vol. 3,発揮,はっき,4,5
かぐや1,明確,めいかく,5,5
かぐや10,通じる,つうじる,5,5
かぐや2,丁度,ちょうど,5,5
かぐや3,方向,ほうこう,5,5
かぐや4,簡単,かんたん,5,5
かぐや5,足る,たる,5,5
かぐや6,解決,かいけつ,5,5
かぐや7,借りる,かりる,5,5
かぐや8,地味,じみ,5,5
かぐや9,登校,とうこう,5,5
ひとりぼっち vol. 2,指定,してい,5,5
ひとりぼっち vol. 3,得意技,とくいわざ,5,5
かぐや1,力関係,ちからかんけい,6,5
かぐや10,居眠り,いねむり,6,5
かぐや2,勝者,しょうしゃ,6,5
かぐや3,進行中,しんこうちゅう,6,5
かぐや4,関連性,かんれんせい,6,5
かぐや5,人前,ひとまえ,6,5
かぐや6,役目,やくめ,6,5
かぐや7,夜,よる,6,5
かぐや8,皆勤賞,かいきんしょう,6,5
かぐや9,回数,かいすう,6,5
ひとりぼっち vol. 2,主義,しゅぎ,6,5
ひとりぼっち vol. 3,所属,しょぞく,6,5
かぐや1,存在,そんざい,7,5
かぐや10,想像,そうぞう,7,5
かぐや2,敗者,はいしゃ,7,5
かぐや3,自転車置き場,じてんしゃおきば,7,5
かぐや4,馬鹿馬鹿しい,ばかばかしい,7,5
かぐや5,物乞い,ものごい,7,5
かぐや6,歳,さい,7,5
かぐや7,三角形,さんかっけい,7,5
かぐや8,総会,そうかい,7,5
かぐや9,猫,ねこ,7,5
ひとりぼっち vol. 2,好み,このみ,7,5
ひとりぼっち vol. 3,増える,ふえる,7,5
かぐや1,搾取,さくしゅ,8,5
かぐや10,甘酸,かんさん,8,5
かぐや2,願い,ねがい,8,5
かぐや3,向かう,むかう,8,5
かぐや4,置き換える,おきかえる,8,5
かぐや5,腹,はら,8,5
かぐや6,交際,こうさい,8,5
かぐや7,近い,ちかい,8,5
かぐや8,予算案,よさんあん,8,5
かぐや9,奥,おく,8,5
ひとりぼっち vol. 2,萌え,もえ,8,5
ひとりぼっち vol. 3,詩人,しじん,8,5
かぐや1,側,がわ,9,5
かぐや10,青春,せいしゅん,9,5
かぐや2,如何,いかが,9,5
かぐや3,推測,すいそく,9,5
かぐや4,何処,どこ,9,5
かぐや5,減る,へる,9,5
かぐや6,経験,けいけん,9,5
かぐや7,遠い,とおい,9,5
かぐや8,資料,しりょう,9,5
かぐや9,入り込む,はいりこむ,9,5
ひとりぼっち vol. 2,運動神経,うんどうしんけい,9,5
ひとりぼっち vol. 3,我慢,がまん,9,5
かぐや1,尽くす,つくす,10,5
かぐや10,交える,まじえる,10,5
かぐや2,正気,しょうき,10,5
かぐや3,宜しい,よろしい,10,5
かぐや4,出題,しゅつだい,10,5
かぐや5,昼食,ちゅうしょく,10,5
かぐや6,童貞,どうてい,10,5
かぐや7,嫌,いや,10,5
かぐや8,作る,つくる,10,5
かぐや9,代わり,かわり,10,5
ひとりぼっち vol. 2,熱,ねつ,10,5
ひとりぼっち vol. 3,珍しい,めずらしい,10,5
かぐや1,勝者,しょうしゃ,11,5
かぐや10,振り返る,ふりかえる,11,5
かぐや2,無茶,むちゃ,11,5
かぐや3,外,そと,11,5
かぐや4,直ぐ,すぐ,11,5
かぐや5,て弁当,てべんとう,11,5
かぐや6,幻滅,げんめつ,11,5
かぐや7,ケンタウルス座,けんたうるすざ,11,5
かぐや8,忙しい,いそがしい,11,5
かぐや9,手配,てはい,11,5
ひとりぼっち vol. 2,国語,こくご,11,5
ひとりぼっち vol. 3,横,よこ,11,5
かぐや1,敗者,はいしゃ,12,5
かぐや10,目撃,もくげき,12,5
かぐや2,駄目,だめ,12,5
かぐや3,変,へん,12,5
かぐや4,続ける,つづける,12,5
かぐや5,田舎,いなか,12,5
かぐや6,乗り切る,のりきる,12,5
かぐや7,星,ほし,12,5
かぐや8,組,ぐみ,12,5
かぐや9,構う,かまう,12,5
ひとりぼっち vol. 2,授業,じゅぎょう,12,5
ひとりぼっち vol. 3,勝手,かって,12,5
かぐや1,貴殿,きでん,13,5
かぐや10,状況,じょうきょう,13,5
かぐや2,紳士的,しんしてき,13,5
かぐや3,気分,きぶん,13,5
かぐや4,数字,すうじ,13,5
かぐや5,大量,たいりょう,13,5
かぐや6,任せる,まかせる,13,5
かぐや7,公転,こうてん,13,5
かぐや8,顔,かお,13,5
かぐや9,歩く,あるく,13,5
ひとりぼっち vol. 2,俳句,はいく,13,5
ひとりぼっち vol. 3,クラス替え,くらすがえ,13,5
かぐや1,気高い,けだかい,14,5
かぐや10,利用,りよう,14,5
かぐや2,限る,かぎる,14,5
かぐや3,緊張,きんちょう,14,5
かぐや4,集中,しゅうちゅう,14,5
かぐや5,野菜,やさい,14,5
かぐや6,振る,ふる,14,5
かぐや7,甘えん坊,あまえんぼう,14,5
かぐや8,賑やか,にぎやか,14,5
かぐや9,向かう,むかう,14,5
ひとりぼっち vol. 2,発表,はっぴょう,14,5
ひとりぼっち vol. 3,幼なじみ,おさななじみ,14,5
かぐや1,決して,けっして,15,5
かぐや10,まつ毛,まつけ,15,5
かぐや2,種目,しゅもく,15,5
かぐや3,吐き気,はきけ,15,5
かぐや4,会話,かいわ,15,5
かぐや5,送る,おくる,15,5
かぐや6,嘘,うそ,15,5
かぐや7,一等星,いっとうせい,15,5
かぐや8,出会う,であう,15,5
かぐや9,如何,いか,15,5
ひとりぼっち vol. 2,行う,おこなう,15,5
ひとりぼっち vol. 3,お嬢さま,おじょうさま,15,5
かぐや1,戦,いくさ,16,5
かぐや10,一切,いっさい,16,5
かぐや2,運命,うんめい,16,5
かぐや3,胃薬,いぐすり,16,5
かぐや4,耳に入る,みみにはいる,16,5
かぐや5,結構,けっこう,16,5
かぐや6,恋愛観,れんあいかん,16,5
かぐや7,星空,ほしぞら,16,5
かぐや8,選挙,せんきょ,16,5
かぐや9,着替え,きがえ,16,5
ひとりぼっち vol. 2,浴びる,あびる,16,5
ひとりぼっち vol. 3,到着,とうちゃく,16,5
かぐや1,恋愛,れんあい,17,5
かぐや10,眼球,がんきゅう,17,5
かぐや2,一応,いちおう,17,5
かぐや3,我慢,がまん,17,5
かぐや4,状況,じょうきょう,17,5
かぐや5,自信,じしん,17,5
かぐや6,好機,こうき,17,5
かぐや7,魔法,まほう,17,5
かぐや8,始動,しどう,17,5
かぐや9,遅刻,ちこく,17,5
ひとりぼっち vol. 2,季語,きご,17,5
ひとりぼっち vol. 3,響き,ひびき,17,5
かぐや1,私立,しりつ,18,5
かぐや10,連動,れんどう,18,5
かぐや2,妙,みょう,18,5
かぐや3,奇遇,きぐう,18,5
かぐや4,割,わり,18,5
かぐや5,光景,こうけい,18,5
かぐや6,断る,ことわる,18,5
かぐや7,古来,こらい,18,5
かぐや8,大変,たいへん,18,5
かぐや9,宜しい,よろしい,18,5
ひとりぼっち vol. 2,学期,がっき,18,5
ひとりぼっち vol. 3,素敵,すてき,18,5
かぐや1,学園,がくえん,19,5
かぐや10,睡眠,すいみん,19,5
かぐや2,仕掛け,しかけ,19,5
かぐや3,映画館,えいがかん,19,5
かぐや4,費やす,ついやす,19,5
かぐや5,専属,せんぞく,19,5
かぐや6,築く,きずき,19,5
かぐや7,争う,あらそう,19,5
かぐや8,大立ち回り,おおたちまわり,19,5
かぐや9,冷たい,つめたい,19,5
ひとりぼっち vol. 2,想像,そうぞう,19,5
ひとりぼっち vol. 3,距離,きょり,19,5
かぐや1,貴族,きぞく,20,5
かぐや10,深さ,ふかさ,20,5
かぐや2,誓って,ちかって,20,5
かぐや3,休日,きゅうじつ,20,5
かぐや4,満たない,みたない,20,5
かぐや5,温かい,あたたかい,20,5
かぐや6,接点,せってん,20,5
かぐや7,絶対的,ぜったいてき,20,5
かぐや8,未だ,いまだ,20,5
かぐや9,熱い,あつい,20,5
ひとりぼっち vol. 2,一生,いっしょう,20,5
ひとりぼっち vol. 3,先程,さきほど,20,5
かぐや1,士族,しぞく,21,5
かぐや10,二種,にしゅ,21,5
かぐや2,購買,こうばい,21,5
かぐや3,制服,せいふく,21,5
かぐや4,四角,しかく,21,5
かぐや5,届ける,とどける,21,5
かぐや6,粒,つぶ,21,5
かぐや7,対立,たいりつ,21,5
かぐや8,語り草,かたりぐさ,21,5
かぐや9,吐息,といき,21,5
ひとりぼっち vol. 2,調子,ちょうし,21,5
ひとりぼっち vol. 3,差し上げる,さしあげる,21,5
かぐや1,教育,きょういく,22,5
かぐや10,区分,くぶん,22,5
かぐや2,普通,ふつう,22,5
かぐや3,理解,りかい,22,5
かぐや4,一応,いちおう,22,5
かぐや5,栄養,えいよう,22,5
かぐや6,義理,ぎり,22,5
かぐや7,人間性,にんげんせい,22,5
かぐや8,二度,ふたたび,22,5
かぐや9,漏れる,もれる,22,5
ひとりぼっち vol. 2,秘策,ひさく,22,5
ひとりぼっち vol. 3,鶴,つる,22,5
かぐや1,機関,きかん,23,5
かぐや10,判別,はんべつ,23,5
かぐや2,法度,はっと,23,5
かぐや3,苦しむ,くるしむ,23,5
かぐや4,理由,りゆう,23,5
かぐや5,勿論,もちろん,23,5
かぐや6,何物,なにもの,23,5
かぐや7,色濃い,いろこい,23,5
かぐや8,御免,ごめん,23,5
かぐや9,自宅,じたく,23,5
ひとりぼっち vol. 2,得意,とくい,23,5
ひとりぼっち vol. 3,使う,つかう,23,5
かぐや1,創立,そうりつ,24,5
かぐや10,簡単,かんたん,24,5
かぐや2,交互,こうご,24,5
かぐや3,貴方,あなた,24,5
かぐや4,盤面,ばんめん,24,5
かぐや5,旬,しゅん,24,5
かぐや6,惚れる,ほれる,24,5
かぐや7,思想,しそう,24,5
かぐや8,慣れる,なれる,24,5
かぐや9,問,もん,24,5
ひとりぼっち vol. 2,地球,ちきゅう,24,5
ひとりぼっち vol. 3,千羽鶴,せんばづる,24,5
かぐや1,由緒正しい,ゆいしょただしい,25,5
かぐや10,急速,きゅうそく,25,5
かぐや2,手札,てふだ,25,5
かぐや3,構う,かまう,25,5
かぐや4,数,かず,25,5
かぐや5,食材,しょくざい,25,5
かぐや6,素直,すなお,25,5
かぐや7,戦争,せんそう,25,5
かぐや8,頃,ころ,25,5
かぐや9,くぐり抜ける,くぐりぬける,25,5
ひとりぼっち vol. 2,緊張,きんちょう,25,5
ひとりぼっち vol. 3,代行,だいこう,25,5
かぐや1,名門校,めいもんこう,26,5
かぐや10,行う,おこなう,26,5
かぐや2,枚,まい,26,5
かぐや3,待ち伏せ,まちぶせ,26,5
かぐや4,表す,あらわす,26,5
かぐや5,基軸,きじく,26,5
かぐや6,常に,つねに,26,5
かぐや7,生命,せいめい,26,5
かぐや8,氷,こおり,26,5
かぐや9,機会,きかい,26,5
ひとりぼっち vol. 2,強張る,こわばる,26,5
ひとりぼっち vol. 3,困る,こまる,26,5
かぐや1,制,せい,27,5
かぐや10,判断,はんだん,27,5
かぐや2,引き合い,ひきあい,27,5
かぐや3,自意識過剰,じいしきかじょう,27,5
かぐや4,囲碁,いご,27,5
かぐや5,調和,ちょうわ,27,5
かぐや6,真逆,まさか,27,5
かぐや7,原初,げんしょ,27,5
かぐや8,何者,なにもの,27,5
かぐや9,貴重,きちょう,27,5
ひとりぼっち vol. 2,視線,しせん,27,5
ひとりぼっち vol. 3,社長,しゃちょう,27,5
かぐや1,廃止,はいし,28,5
かぐや10,目蓋,まぶた,28,5
かぐや2,破棄,はき,28,5
かぐや3,冗談,じょうだん,28,5
かぐや4,参加,さんか,28,5
かぐや5,取れる,とれる,28,5
かぐや6,一見,いっけん,28,5
かぐや7,降り注ぐ,ふりそそぐ,28,5
かぐや8,寄せ付ける,よせつける,28,5
かぐや9,活かす,いかす,28,5
ひとりぼっち vol. 2,上半身,じょうはんしん,28,5
ひとりぼっち vol. 3,令嬢,れいじょう,28,5
かぐや1,富豪,ふごう,29,5
かぐや10,確認,かくにん,29,5
かぐや2,最初,さいしょ,29,5
かぐや3,似る,にる,29,5
かぐや4,調子,ちょうし,29,5
かぐや5,煮物,にもの,29,5
かぐや6,逆に,ぎゃくに,29,5
かぐや7,太陽,たいよう,29,5
かぐや8,恐ろしい,おそろしい,29,5
かぐや9,自転車,じてんしゃ,29,5
ひとりぼっち vol. 2,失敗,しっぱい,29,5
ひとりぼっち vol. 3,両親,りょうしん,29,5
かぐや1,名家,めいか,30,5
かぐや10,浅い,あさい,30,5
かぐや2,捨てる,すてる,30,5
かぐや3,観察,かんさつ,30,5
かぐや4,摑む,つかむ,30,5
かぐや5,だし巻き卵,だしまきたまご,30,5
かぐや6,本命,ほんめい,30,5
かぐや7,都会,とかい,30,5
かぐや8,比べる,くらべる,30,5
かぐや9,通る,とおる,30,5
ひとりぼっち vol. 2,時期,じき,30,5
ひとりぼっち vol. 3,海外,かいがい,30,5
かぐや1,将来,しょうらい,31,5
かぐや10,仕掛ける,しかける,31,5
かぐや2,極めて,きわめて,31,5
かぐや3,生態,せいたい,31,5
かぐや4,柔軟,じゅうなん,31,5
かぐや5,梅干し,うめぼし,31,5
かぐや6,超,ちょう,31,5
かぐや7,解き放す,ときはなつ,31,5
かぐや8,随分,ずいぶん,31,5
かぐや9,遅め,おそめ,31,5
ひとりぼっち vol. 2,悟る,さとる,31,5
ひとりぼっち vol. 3,使用人,しようにん,31,5
かぐや1,背負う,せおう,32,5
かぐや10,物音,ものおと,32,5
かぐや2,故に,ゆえに,32,5
かぐや3,調査,ちょうさ,32,5
かぐや4,敵,てき,32,5
かぐや5,和洋,わよう,32,5
かぐや6,異性,いせい,32,5
かぐや7,本能的,ほんのうてき,32,5
かぐや8,丸い,まるい,32,5
かぐや9,橋,はし,32,5
ひとりぼっち vol. 2,約束,やくそく,32,5
ひとりぼっち vol. 3,給料,きゅうりょう,32,5
かぐや1,人材,じんざい,33,5
かぐや10,起きる,おきる,33,5
かぐや2,警戒,けいかい,33,5
かぐや3,類,るい,33,5
かぐや4,一生,いっしょう,33,5
かぐや5,問わず,とわず,33,5
かぐや6,以前,いぜん,33,5
かぐや7,生物,せいぶつ,33,5
かぐや8,太った,ふとった,33,5
かぐや9,急ぐ,いそぐ,33,5
ひとりぼっち vol. 2,覚える,おぼえる,33,5
ひとりぼっち vol. 3,預かり,あずかり,33,5
かぐや1,就学,しゅうがく,34,5
かぐや10,危険性,きけんせい,34,5
かぐや2,爪あと,つめあと,34,5
かぐや3,綺麗,きれい,34,5
かぐや4,幾ら,いくら,34,5
かぐや5,詰め込む,つめこむ,34,5
かぐや6,モテ期,もてき,34,5
かぐや7,戻す,もどす,34,5
かぐや8,性格,せいかく,34,5
かぐや9,困る,こまる,34,5
ひとりぼっち vol. 2,正夢,まさゆめ,34,5
ひとりぼっち vol. 3,参る,まいる,34,5
かぐや1,彼等,あれら,35,5
かぐや10,謀略,ぼうりゃく,35,5
かぐや2,香料,こうりょう,35,5
かぐや3,最近,さいきん,35,5
かぐや4,点数,てんすう,35,5
かぐや5,献立,こんだて,35,5
かぐや6,疑る,うたぐる,35,5
かぐや7,開放的,かいほうてき,35,5
かぐや8,好く,すく,35,5
かぐや9,手短,てみじか,35,5
ひとりぼっち vol. 2,今日中に,きょうじゅうに,35,5
ひとりぼっち vol. 3,購入,こうにゅう,35,5
かぐや1,率いる,ひきいる,36,5
かぐや10,指す,さす,36,5
かぐや2,塗料,とりょう,36,5
かぐや3,凝る,こる,36,5
かぐや4,所詮,しょせん,36,5
かぐや5,宝物,たからもの,36,5
かぐや6,運命,うんめい,36,5
かぐや7,水着,みずぎ,36,5
かぐや8,努力,どりょく,36,5
かぐや9,簡潔,かんけつ,36,5
ひとりぼっち vol. 2,笑顔,えがお,36,5
ひとりぼっち vol. 3,購買部,こうばいぶ,36,5
かぐや1,纏め上げる,まとめあげる,37,5
かぐや10,無用,むよう,37,5
かぐや2,模様,もよう,37,5
かぐや3,入り口,いりぐち,37,5
かぐや4,詰め込む,つめこむ,37,5
かぐや5,入れ,いれ,37,5
かぐや6,糸,いと,37,5
かぐや7,悩殺,のうさつ,37,5
かぐや8,理解,りかい,37,5
かぐや9,横断歩道,おうだんほどう,37,5
ひとりぼっち vol. 2,練習,れんしゅう,37,5
ひとりぼっち vol. 3,売る,うる,37,5
かぐや1,凡人,ぼんじん,38,5
かぐや10,隙,すき,38,5
かぐや2,微妙,びみょう,38,5
かぐや3,入場,にゅうじょう,38,5
かぐや4,型,かた,38,5
かぐや5,自由,じゆう,38,5
かぐや6,繋がる,つながる,38,5
かぐや7,掛ける,かける,38,5
かぐや8,試す,ためす,38,5
かぐや9,交通量,こうつうりょう,38,5
ひとりぼっち vol. 2,朗らか,ほがらか,38,5
ひとりぼっち vol. 3,百億,ひゃくおく,38,5
かぐや1,許す,ゆるす,39,5
かぐや10,過失,かしつ,39,5
かぐや2,絶対,ぜったい,39,5
かぐや3,鑑賞,かんしょう,39,5
かぐや4,質,しつ,39,5
かぐや5,激しい,はげしい,39,5
かぐや6,高貴,こうき,39,5
かぐや7,夕焼け,ゆうやけ,39,5
かぐや8,質問,しつもん,39,5
かぐや9,渡り,わたり,39,5
ひとりぼっち vol. 2,結局,けっきょく,39,5
ひとりぼっち vol. 3,日数,にっすう,39,5
かぐや1,筈,はず,40,5
かぐや10,背中,せなか,40,5
かぐや2,起こり得る,おこりうる,40,5
かぐや3,券,けん,40,5
かぐや4,凡,ぼん,40,5
かぐや5,打つ,うつ,40,5
かぐや6,相応しい,ふさわしい,40,5
かぐや7,移動,いどう,40,5
かぐや8,存知,ぞんじ,40,5
かぐや9,放す,はなす,40,5
ひとりぼっち vol. 2,外す,はずす,40,5
ひとりぼっち vol. 3,必死,ひっし,40,5
かぐや1,ご覧になる,ごらんになる,41,5
かぐや10,撃つ,うつ,41,5
かぐや2,人間,にんげん,41,5
かぐや3,入場券,にゅうじょうけん,41,5
かぐや4,以下,いか,41,5
かぐや5,実在,じつざい,41,5
かぐや6,馬鹿,ばか,41,5
かぐや7,距離,きょり,41,5
かぐや8,出題,しゅつだい,41,5
かぐや9,貰う,もらう,41,5
ひとりぼっち vol. 2,保険,ほけん,41,5
ひとりぼっち vol. 3,離れる,はなれる,41,5
かぐや1,生徒会,せいとかい,42,5
かぐや10,夢,ゆめ,42,5
かぐや2,彼女,かのじょ,42,5
かぐや3,交換,こうかん,42,5
かぐや4,劣性,れっせい,42,5
かぐや5,赦す,ゆるす,42,5
かぐや6,友情,ゆうじょう,42,5
かぐや7,済む,すむ,42,5
かぐや8,思い浮かべる,おもいうかべる,42,5
かぐや9,貴女,あなた,42,5
ひとりぼっち vol. 2,用意,ようい,42,5
ひとりぼっち vol. 3,勘違い,かんちがい,42,5
かぐや1,二人,ふたり,43,5
かぐや10,介入,かいにゅう,43,5
かぐや2,勝負,しょうぶ,43,5
かぐや3,必要,ひつよう,43,5
かぐや4,妨げる,さまたげる,43,5
かぐや5,発言,はつげん,43,5
かぐや6,有り得る,ありうる,43,5
かぐや7,涼しい,すずしい,43,5
かぐや8,特定,とくてい,43,5
かぐや9,迄,まで,43,5
ひとりぼっち vol. 2,成長,せいちょう,43,5
ひとりぼっち vol. 3,支払う,しはらう,43,5
かぐや1,副会長,ふくかいちょう,44,5
かぐや10,活動,かつどう,44,5
かぐや2,勝利,しょうり,44,5
かぐや3,縁遠い,えんどおい,44,5
かぐや4,娯楽,ごらく,44,5
かぐや5,手作り,てづくり,44,5
かぐや6,発展,はってん,44,5
かぐや7,自然,しぜん,44,5
かぐや8,限定,げんてい,44,5
かぐや9,集団登校,しゅうだんとうこう,44,5
ひとりぼっち vol. 2,証,あかし,44,5
ひとりぼっち vol. 3,送り迎え,おくりむかえ,44,5
かぐや1,総資産,そうしさん,45,5
かぐや10,聴覚,ちょうかく,45,5
かぐや2,策略,さくりゃく,45,5
かぐや3,恥ずかしい,はずかしい,45,5
かぐや4,作る,つくる,45,5
かぐや5,分けて,わけて,45,5
かぐや6,女同士,おんなどうし,45,5
かぐや7,溢れる,こぼれる,45,5
かぐや8,大抵,たいてい,45,5
かぐや9,繋ぐ,つなぐ,45,5
ひとりぼっち vol. 2,風紀,ふうき,45,5
ひとりぼっち vol. 3,結構,けっこう,45,5
かぐや1,兆,ちょう,46,5
かぐや10,情報,じょうほう,46,5
かぐや2,用意,ようい,46,5
かぐや3,複雑,ふくざつ,46,5
かぐや4,阿呆,あほう,46,5
かぐや5,構う,かまう,46,5
かぐや6,目線,めせん,46,5
かぐや7,潮騒,しおさい,46,5
かぐや8,構う,かまう,46,5
かぐや9,雪男,ゆきおとこ,46,5
ひとりぼっち vol. 2,委員,いいん,46,5
ひとりぼっち vol. 3,申しつける,もうしつけり,46,5
かぐや1,鉄道,てつどう,47,5
かぐや10,処理,しょり,47,5
かぐや2,欺く,あざむく,47,5
かぐや3,換える,かえる,47,5
かぐや4,前回,ぜんかい,47,5
かぐや5,熱々,あつあつ,47,5
かぐや6,守る,まもる,47,5
かぐや7,子守唄,こもりうた,47,5
かぐや8,準備,じゅんび,47,5
かぐや9,虐める,いじめる,47,5
ひとりぼっち vol. 2,洗う,あらう,47,5
ひとりぼっち vol. 3,賜る,たまわる,47,5
かぐや1,銀行,ぎんこう,48,5
かぐや10,次第,しだい,48,5
かぐや2,互い,たがい,48,5
かぐや3,貰う,もらう,48,5
かぐや4,模試,もし,48,5
かぐや5,肉汁,にくじゅう,48,5
かぐや6,風,かぜ,48,5
かぐや7,潮風,しおかぜ,48,5
かぐや8,触れる,ふれる,48,5
かぐや9,完全,かんぜん,48,5
ひとりぼっち vol. 2,具合,ぐあい,48,5
ひとりぼっち vol. 3,少々,しょうしょう,48,5
かぐや1,自動車,じどうしゃ,49,5
かぐや10,誘導,ゆうどう,49,5
かぐや2,配る,くばる,49,5
かぐや3,簡単,かんたん,49,5
かぐや4,同学年,どうがくねん,49,5
かぐや5,美味しい,おいしい,49,5
かぐや6,件,くだん,49,5
かぐや7,火照り,ほてり,49,5
かぐや8,言葉,ことば,49,5
かぐや9,低学年,ていがくねん,49,5
ひとりぼっち vol. 2,格好,かっこう,49,5
ひとりぼっち vol. 3,出発,しゅっぱつ,49,5
かぐや1,超える,こえる,50,5
かぐや10,可能,かのう,50,5
かぐや2,排し,はいし,50,5
かぐや3,何故,なぜ,50,5
かぐや4,百万,ひゃくまん,50,5
かぐや5,常温,じょうおん,50,5
かぐや6,壁,かべ,50,5
かぐや7,吹き消す,ふきけす,50,5
かぐや8,概念,がいねん,50,5
かぐや9,頃,ころ,50,5
ひとりぼっち vol. 2,終業式,しゅうぎゅうしき,50,5
ひとりぼっち vol. 3,致す,いたす,50,5
かぐや1,子会社,こがいしゃ,51,5
かぐや10,導入,どうにゅう,51,5
かぐや2,残る,のこる,51,5
かぐや3,立ち止まる,たちどまる,51,5
かぐや4,位置,いち,51,5
かぐや5,閉じ込む,とじこむ,51,5
かぐや6,追い詰める,おいつめる,51,5
かぐや7,泳ぐ,およぐ,51,5
かぐや8,電化製品,でんかせいひん,51,5
かぐや9,訳,わけ,51,5
ひとりぼっち vol. 2,終える,おえる,51,5
ひとりぼっち vol. 3,日給,じっきゅう,51,5
かぐや1,抱える,かかえる,52,5
かぐや10,完了,かんりょう,52,5
かぐや2,頂く,いただく,52,5
かぐや3,字幕版,じまくばん,52,5
かぐや4,漢検,かんけん,52,5
かぐや5,軽蔑,けいべつ,52,5
かぐや6,不安,ふあん,52,5
かぐや7,風呂,ふろ,52,5
かぐや8,温かい,あたたかい,52,5
かぐや9,迎え,むかえ,52,5
ひとりぼっち vol. 2,師匠,ししょう,52,5
ひとりぼっち vol. 3,倍,ばい,52,5
かぐや1,財閥,ざいばつ,53,5
かぐや10,差し上げる,さしあげる,53,5
かぐや2,通常,つうじょう,53,5
かぐや3,座席,ざせき,53,5
かぐや4,級,きゅう,53,5
かぐや5,惨め,みじめ,53,5
かぐや6,耳元,みみもと,53,5
かぐや7,溺れる,おぼれる,53,5
かぐや8,冷たい,つめたい,53,5
かぐや9,頭,あたま,53,5
ひとりぼっち vol. 2,公園,こうえん,53,5
ひとりぼっち vol. 3,苦労,くろう,53,5
かぐや1,数える,かぞえる,54,5
かぐや10,覚める,さめる,54,5
かぐや2,行う,おこなう,54,5
かぐや3,真ん中,まんなか,54,5
かぐや4,英検,えいけん,54,5
かぐや5,味噌汁,みそしる,54,5
かぐや6,囁く,ささやく,54,5
かぐや7,浮き輪,うきわ,54,5
かぐや8,常温,じょうおん,54,5
かぐや9,始業,しぎょう,54,5
ひとりぼっち vol. 2,寄る,よる,54,5
ひとりぼっち vol. 3,晴れる,はれる,54,5
かぐや1,本家,ほんけ,55,5
かぐや10,忘れる,わすれる,55,5
かぐや2,想定,そうてい,55,5
かぐや3,埋まる,うまる,55,5
かぐや4,危険物,きけんぶつ,55,5
かぐや5,米,こめ,55,5
かぐや6,途端,とたん,55,5
かぐや7,金槌,かなづち,55,5
かぐや8,回答,かいとう,55,5
かぐや9,許す,ゆるす,55,5
ひとりぼっち vol. 2,修業,しゅうぎょう,55,5
ひとりぼっち vol. 3,役に立つ,やくにたつ,55,5
かぐや1,本流,ほんりゅう,56,5
かぐや10,貴方,あなた,56,5
かぐや2,場合,ばあい,56,5
かぐや3,寄り,より,56,5
かぐや4,取扱者,とりあつかいしゃ,56,5
かぐや5,冷える,ひえる,56,5
かぐや6,成功率,せいこうりつ,56,5
かぐや7,認める,みとめる,56,5
かぐや8,温水,おんすい,56,5
かぐや9,示し,しめし,56,5
ひとりぼっち vol. 2,元気,げんき,56,5
ひとりぼっち vol. 3,邪魔,じゃま,56,5
かぐや1,総帥,そうすい,57,5
かぐや10,自由,じゆう,57,5
かぐや2,択,たく,57,5
かぐや3,案内,あんない,57,5
かぐや4,果ては,はては,57,5
かぐや5,硬い,かたい,57,5
かぐや6,技,わざ,57,5
かぐや7,断固,だんこ,57,5
かぐや8,物質,ぶっしつ,57,5
かぐや9,飛ばす,とばす,57,5
ひとりぼっち vol. 2,忍術,にんじゅつ,57,5
ひとりぼっち vol. 3,寂しい,さびしい,57,5
かぐや1,長女,ちょうじょ,58,5
かぐや10,行儀,ぎょうぎ,58,5
かぐや2,既に,すでに,58,5
かぐや3,端,はし,58,5
かぐや4,鑑定士,かんていし,58,5
かぐや5,瞬間,しゅんかん,58,5
かぐや6,無知,むち,58,5
かぐや7,誰,だれ,58,5
かぐや8,焚き火,たきび,58,5
かぐや9,道交法,どうこうほう,58,5
ひとりぼっち vol. 2,祭り,まつり,58,5
ひとりぼっち vol. 3,埋める,うめる,58,5
かぐや1,生を受ける,せいをうける,59,5
かぐや10,姿勢,しせい,59,5
かぐや2,抱える,かかえる,59,5
かぐや3,致す,いたす,59,5
かぐや4,資格,しかく,59,5
かぐや5,最高,さいこう,59,5
かぐや6,お陰で,おかげで,59,5
かぐや7,意見,いけん,59,5
かぐや8,等,など,59,5
かぐや9,校則,こうそく,59,5
ひとりぼっち vol. 2,紅葉,こうよう,59,5
ひとりぼっち vol. 3,焼く,やく,59,5
かぐや1,正真正銘,しょうしんしょうめい,60,5
かぐや10,顔,かお,60,5
かぐや2,当然,とうぜん,60,5
かぐや3,指定,してい,60,5
かぐや4,懸ける,かける,60,5
かぐや5,一品,いっぴん,60,5
かぐや6,勇気,ゆうき,60,5
かぐや7,場合,ばあい,60,5
かぐや8,温度調節,おんどちょうせつ,60,5
かぐや9,優先,ゆうせん,60,5
ひとりぼっち vol. 2,安心,あんしん,60,5
ひとりぼっち vol. 3,責める,せめる,60,5
かぐや1,令嬢,れいじょう,61,5
かぐや10,落書き,らくがき,61,5
かぐや2,続く,つづく,61,5
かぐや3,国内,こくない,61,5
かぐや4,打ち負かす,うちまかす,61,5
かぐや5,化ける,ばける,61,5
かぐや6,落とす,おとす,61,5
かぐや7,自陣,じじん,61,5
かぐや8,器具,きぐ,61,5
かぐや9,時折,ときおり,61,5
ひとりぼっち vol. 2,体操,たいそう,61,5
ひとりぼっち vol. 3,貯まる,たまる,61,5
かぐや1,血筋,ちすじ,62,5
かぐや10,躊躇い,ためらい,62,5
かぐや2,初手,しょて,62,5
かぐや3,屈指,くっし,62,5
かぐや4,凄い,すごい,62,5
かぐや5,試す,ためす,62,5
かぐや6,端から,はたから,62,5
かぐや7,挙げる,あげる,62,5
かぐや8,関連,かんれん,62,5
ひとりぼっち vol. 2,早起き,はやおき,62,5
ひとりぼっち vol. 3,資格,しかく,62,5
かぐや1,優秀,ゆうしゅう,63,5
かぐや10,果肉,かにく,63,5
かぐや2,痛恨,つうこん,63,5
かぐや3,富裕層,ふゆうそう,63,5
かぐや4,五輪,ごりん,63,5
かぐや5,間接,かんせつ,63,5
かぐや6,逆,ぎゃく,63,5
かぐや7,敵陣,てきじん,63,5
かぐや8,所有,しょゆう,63,5
ひとりぼっち vol. 2,泊まり,とまり,63,5
ひとりぼっち vol. 3,代,だい,63,5
かぐや1,語る,かたる,64,5
かぐや10,恐ろしい,おそろしい,64,5
かぐや2,序盤,じょばん,64,5
かぐや3,身の回り,みのまわり,64,5
かぐや4,感想,かんそう,64,5
かぐや5,古来,こらい,64,5
かぐや6,嫌う,きらう,64,5
かぐや7,効果的,こうかてき,64,5
かぐや8,連続,れんぞく,64,5
ひとりぼっち vol. 2,お盆,おぼん,64,5
ひとりぼっち vol. 3,撮る,とる,64,5
かぐや1,如く,しく,65,5
かぐや10,鬼,おに,65,5
かぐや2,確率,かくりつ,65,5
かぐや3,世話,せわ,65,5
かぐや4,白亜紀,はくあき,65,5
かぐや5,茶漬け,ちゃづけ,65,5
かぐや6,前回,ぜんかい,65,5
かぐや7,所有,しょゆう,65,5
かぐや8,心理,しんり,65,5
ひとりぼっち vol. 2,参加,さんか,65,5
ひとりぼっち vol. 3,両替,りょうがえ,65,5
かぐや1,芸事,げいごと,66,5
かぐや10,怒る,おこる,66,5
かぐや2,低い,ひくい,66,5
かぐや3,住み込み,すみこむ,66,5
かぐや4,恐怖,きょうふ,66,5
かぐや5,冷や飯,ひやめし,66,5
かぐや6,参照,さんしょう,66,5
かぐや7,用意,ようい,66,5
かぐや8,探る,さぐる,66,5
ひとりぼっち vol. 2,気合,きあい,66,5
ひとりぼっち vol. 3,美肌,びはだ,66,5
かぐや1,音楽,おんがく,67,5
かぐや10,悪戯,いたずら,67,5
かぐや2,得る,える,67,5
かぐや3,送り迎え,おくりむかえ,67,5
かぐや4,朝,あさ,67,5
かぐや5,相場,そうば,67,5
かぐや6,自覚,じかく,67,5
かぐや7,徒歩,とほ,67,5
かぐや8,表情,ひょうじょう,67,5
ひとりぼっち vol. 2,市民,しみん,67,5
ひとりぼっち vol. 3,店,みせ,67,5
かぐや1,武芸,ぶげい,68,5
かぐや10,相手,あいて,68,5
かぐや2,気を抜く,きをぬく,68,5
かぐや3,専属,せんぞく,68,5
かぐや4,努力,どりょく,68,5
かぐや5,決まる,きまる,68,5
かぐや6,正直,しょうじき,68,5
かぐや7,秒,びょう,68,5
かぐや8,恥ずかしい,はずかしい,68,5
ひとりぼっち vol. 2,横,よこ,68,5
ひとりぼっち vol. 3,背景,はいけい,68,5
かぐや1,分野,ぶんや,69,5
かぐや10,行為,こうい,69,5
かぐや2,手,て,69,5
かぐや3,運転手,うんてんしゅ,69,5
かぐや4,友情,ゆうじょう,69,5
かぐや5,汁物,しるもの,69,5
かぐや6,金持ち,かねもち,69,5
かぐや7,位置,いち,69,5
かぐや8,照れる,てれる,69,5
ひとりぼっち vol. 2,並ぶ,ならぶ,69,5
ひとりぼっち vol. 3,撮影,さつえい,69,5
かぐや1,華々しい,はなばなしい,70,5
かぐや10,裏を返す,うらをかえす,70,5
かぐや2,伸ばす,のばす,70,5
かぐや3,食事,しょくじ,70,5
かぐや4,勝利,しょうり,70,5
かぐや5,相性,あいしょう,70,5
かぐや6,癪,しゃく,70,5
かぐや7,温水,おんすい,70,5
かぐや8,落ち着く,おちつく,70,5
ひとりぼっち vol. 2,準備,じゅんび,70,5
ひとりぼっち vol. 3,絵描き,えかき,70,5
かぐや1,功績,こうせき,71,5
かぐや10,信頼,しんらい,71,5
かぐや2,利き手,ききて,71,5
かぐや3,三ツ星,みつぼし,71,5
かぐや4,現実,げんじつ,71,5
かぐや5,抜群,ばつぐん,71,5
かぐや6,部分,ぶぶん,71,5
かぐや7,焼ける,やける,71,5
かぐや8,確認,かくにん,71,5
ひとりぼっち vol. 2,日焼け止め,ひやけどめ,71,5
ひとりぼっち vol. 3,教室,きょうしつ,71,5
かぐや1,残す,のこす,72,5
かぐや10,証,あかし,72,5
かぐや2,側,がわ,72,5
かぐや3,料理人,りょうりにん,72,5
かぐや4,飛ぶ,とぶ,72,5
かぐや5,旨い,うまい,72,5
かぐや6,案外,あんがい,72,5
かぐや7,日焼け,ひやけ,72,5
かぐや8,条件,じょうけん,72,5
ひとりぼっち vol. 2,成果,せいか,72,5
ひとりぼっち vol. 3,勝負,しょうぶ,72,5
かぐや1,天才,てんさい,73,5
かぐや10,一種,いっしゅ,73,5
かぐや2,配置,はいち,73,5
かぐや3,専念,せんねん,73,5
かぐや4,必要,ひつよう,73,5
かぐや5,泊まり,とまり,73,5
かぐや6,抜ける,ぬける,73,5
かぐや7,乙女,おとめ,73,5
かぐや8,一致,いっち,73,5
ひとりぼっち vol. 2,忍法,にんぽう,73,5
ひとりぼっち vol. 3,画像,がぞう,73,5
かぐや1,支える,ささえる,74,5
かぐや10,親しい,したしい,74,5
かぐや2,踏む,ふむ,74,5
かぐや3,万全,ばんぜん,74,5
かぐや4,技,わざ,74,5
かぐや5,嬉しい,うれしい,74,5
かぐや6,内面,ないめん,74,5
かぐや7,大敵,たいてき,74,5
かぐや8,遠回し,とおまわし,74,5
ひとりぼっち vol. 2,水上,すいじょう,74,5
ひとりぼっち vol. 3,送る,おくる,74,5
かぐや1,生徒会長,せいとかいちょう,75,5
かぐや10,証明,しょうめい,75,5
かぐや2,裏目,うらめ,75,5
かぐや3,無論,むろん,75,5
かぐや4,夢,ゆめ,75,5
かぐや5,上がる,あがる,75,5
かぐや6,怖い,こわい,75,5
かぐや7,日焼け止め,ひやけどめ,75,5
かぐや8,無回答,むかいとう,75,5
ひとりぼっち vol. 2,内緒,ないしょ,75,5
ひとりぼっち vol. 3,送信,そうしん,75,5
かぐや1,質実剛健,しつじつごうけん,76,5
かぐや10,耐性,たいせい,76,5
かぐや2,運ゲー,うんげえ,76,5
かぐや3,事態,じたい,76,5
かぐや4,周り,まわり,76,5
かぐや5,何故,なぜ,76,5
かぐや6,胸,むね,76,5
かぐや7,一流,いちりゅう,76,5
かぐや8,焦る,あせる,76,5
ひとりぼっち vol. 2,泳ぐ,およぐ,76,5
ひとりぼっち vol. 3,返信,へんしん,76,5
かぐや1,聡明,そうめい,77,5
かぐや10,堅い,かたい,77,5
かぐや2,如何に,いかに,77,5
かぐや3,概念,がいねん,77,5
かぐや4,落ち込む,おちこむ,77,5
かぐや5,翌日,よくじつ,77,5
かぐや6,実際,じっさい,77,5
かぐや7,呼ぶ,よぶ,77,5
かぐや8,撃つ,うつ,77,5
ひとりぼっち vol. 2,極端,きょくたん,77,5
ひとりぼっち vol. 3,元,もと,77,5
かぐや1,英知,えいち,78,5
かぐや10,家風,かふう,78,5
かぐや2,相手,あいて,78,5
かぐや3,未知,みち,78,5
かぐや4,気乗り,きのり,78,5
かぐや5,気合,きあい,78,5
かぐや6,美人,びじん,78,5
かぐや7,肌,はだ,78,5
かぐや8,絞り込む,しぼりこむ,78,5
ひとりぼっち vol. 2,前世,ぜんせい,78,5
ひとりぼっち vol. 3,痛む,いたむ,78,5
かぐや1,模試,もし,79,5
かぐや10,育つ,そだつ,79,5
かぐや2,心理,しんり,79,5
かぐや3,遭遇,そうぐう,79,5
かぐや4,陥れる,おとしいれる,79,5
かぐや5,興,おこし,79,5
かぐや6,お淑やか,おしとやか,79,5
かぐや7,万全,ばんぜん,79,5
かぐや8,賢い,かしこい,79,5
ひとりぼっち vol. 2,冗談,じょうだん,79,5
ひとりぼっち vol. 3,面倒,めんどう,79,5
かぐや1,不動,ふどう,80,5
かぐや10,余地,よち,80,5
かぐや2,読む,よむ,80,5
かぐや3,座る,すわる,80,5
かぐや4,計画,けいかく,80,5
かぐや5,乗る,のる,80,5
かぐや6,気品,きひん,80,5
かぐや7,夕食,ゆうしょく,80,5
かぐや8,明る,あかる,80,5
ひとりぼっち vol. 2,苦労,くろう,80,5
ひとりぼっち vol. 3,不器用,ぶきよう,80,5
かぐや1,位,い,81,5
かぐや10,常識,じょうしき,81,5
かぐや2,高度,こうど,81,5
かぐや3,通り,とおり,81,5
かぐや4,弱点,じゃくてん,81,5
かぐや5,最高級,さいこうきゅう,81,5
かぐや6,賢い,かしこい,81,5
かぐや7,予想,よそう,81,5
かぐや8,目元,めもと,81,5
ひとりぼっち vol. 2,浮く,うく,81,5
ひとりぼっち vol. 3,程,ほど,81,5
かぐや1,全国,ぜんこく,82,5
かぐや10,叩き斬る,たたききる,82,5
かぐや2,可愛い,かわいい,82,5
かぐや3,世間,せけん,82,5
かぐや4,硬い,かたい,82,5
かぐや5,産地直送,さんちちょくそう,82,5
かぐや6,完璧,かんぺき,82,5
かぐや7,範囲内,はんいない,82,5
かぐや8,正確,せいかく,82,5
ひとりぼっち vol. 2,抜ける,ぬける,82,5
ひとりぼっち vol. 3,投げる,なげる,82,5
かぐや1,頂点,ちょうてん,83,5
かぐや10,侮辱,ぶじょく,83,5
かぐや2,案外,あんがい,83,5
かぐや3,知らず,しらず,83,5
かぐや4,低い,ひくい,83,5
かぐや5,調理,ちょうり,83,5
かぐや6,本人,ほんにん,83,5
かぐや7,反対,はんたい,83,5
かぐや8,飼う,かう,83,5
ひとりぼっち vol. 2,身体,しんたい,83,5
ひとりぼっち vol. 3,活躍,かつやく,83,5
かぐや1,競い,きそい,84,5
かぐや10,策略,さくりゃく,84,5
かぐや2,一番,いちばん,84,5
かぐや3,一旦,いったん,84,5
かぐや4,号,ごう,84,5
かぐや5,寛大,かんだい,84,5
かぐや6,始まる,はじまる,84,5
かぐや7,備える,そなえる,84,5
かぐや8,試験,しけん,84,5
ひとりぼっち vol. 2,勝る,まさる,84,5
ひとりぼっち vol. 3,想像,そうぞう,84,5
かぐや1,互角,ごかく,85,5
かぐや10,出現,しゅつげん,85,5
かぐや2,場所,ばしょ,85,5
かぐや3,整理,せいり,85,5
かぐや4,鉛筆,えんぴつ,85,5
かぐや5,交換,こうかん,85,5
かぐや6,策略,さくりゃく,85,5
かぐや7,論集,ろんしゅう,85,5
かぐや8,合格,ごうかく,85,5
ひとりぼっち vol. 2,覚悟,かくご,85,5
ひとりぼっち vol. 3,実際,じっさい,85,5
かぐや1,渡り合う,わたりあう,86,5
かぐや10,未遂,みすい,86,5
かぐや2,所,ところ,86,5
かぐや3,目的,もくてき,86,5
かぐや4,硬さ,かたさ,86,5
かぐや5,受ける,うける,86,5
かぐや6,練る,ねる,86,5
かぐや7,既に,すでに,86,5
ひとりぼっち vol. 2,教わる,おそわる,86,5
ひとりぼっち vol. 3,趣味,しゅみ,86,5
かぐや1,猛者,もさ,87,5
かぐや10,無事,ぶじ,87,5
かぐや2,以外,いがい,87,5
かぐや3,隣,となり,87,5
かぐや4,己,おのれ,87,5
かぐや5,海苔,のり,87,5
かぐや6,駆け引き,かけひき,87,5
かぐや7,製作,せいさく,87,5
ひとりぼっち vol. 2,弟子,でし,87,5
ひとりぼっち vol. 3,倒れる,たおれる,87,5
かぐや1,多才,たさい,88,5
かぐや10,解決,かいけつ,88,5
かぐや2,答え,こたえ,88,5
かぐや3,時々,ときどき,88,5
かぐや4,課す,かす,88,5
かぐや5,牡蠣,かき,88,5
かぐや6,重み,おもみ,88,5
かぐや7,攻撃,こうげき,88,5
ひとりぼっち vol. 2,空気,くうき,88,5
ひとりぼっち vol. 3,保健室,ほけんしつ,88,5
かぐや1,対照的,たいしょうてき,89,5
かぐや10,食わせ物,くわせもの,89,5
かぐや2,永遠,えいえん,89,5
かぐや3,様子,ようす,89,5
かぐや4,一日,いちにち,89,5
かぐや5,好物,こうぶつ,89,5
かぐや6,後日,ごじつ,89,5
かぐや7,準備期間,じゅんびきかん,89,5
ひとりぼっち vol. 2,仲間,なかま,89,5
ひとりぼっち vol. 3,様子,ようす,89,5
かぐや1,勉学,べんがく,90,5
かぐや10,引き分け,ひきわけ,90,5
かぐや2,闇,やみ,90,5
かぐや3,失敗,しっぱい,90,5
かぐや4,破る,やぶる,90,5
かぐや5,引き続き,ひきつづき,90,5
かぐや6,お茶,おちゃ,90,5
かぐや7,荒れる,あれる,90,5
ひとりぼっち vol. 2,かわり身,かわりみ,90,5
ひとりぼっち vol. 3,側,がわ,90,5
かぐや1,一本,いっぽん,91,5
かぐや10,決着,けっちゃく,91,5
かぐや2,肝,きも,91,5
かぐや3,居場所,いばしょ,91,5
かぐや4,得る,える,91,5
かぐや5,不穏,ふおん,91,5
かぐや6,機嫌,きげん,91,5
かぐや7,室内,しつない,91,5
ひとりぼっち vol. 2,完璧,かんぺき,91,5
ひとりぼっち vol. 3,修業,しゅうぎょう,91,5
かぐや1,畏怖,いふ,92,5
かぐや10,持ち越し,もちこし,92,5
かぐや2,選択,せんたく,92,5
かぐや3,中年男,ちゅうねのとこ,92,5
かぐや4,使い,つかい,92,5
かぐや5,明らか,あきらか,92,5
かぐや6,直る,なおる,92,5
かぐや7,虫,むし,92,5
ひとりぼっち vol. 2,新記録,しんきろく,92,5
ひとりぼっち vol. 3,成果,せいか,92,5
かぐや1,敬意,けいい,93,5
かぐや2,誘導,ゆうどう,93,5
かぐや3,小生,しょうせい,93,5
かぐや4,膨大,ぼうだい,93,5
かぐや5,高級,こうきゅう,93,5
かぐや6,直す,なおす,93,5
かぐや7,蚊,か,93,5
ひとりぼっち vol. 2,達成,たっせい,93,5
ひとりぼっち vol. 3,自己管理,じこかんり,93,5
かぐや1,集める,あつめる,94,5
かぐや2,純粋,じゅんすい,94,5
かぐや3,独り,ひとり,94,5
かぐや4,量,りょう,94,5
かぐや5,意味,いみ,94,5
かぐや6,大分,だいぶ,94,5
かぐや7,蛾,が,94,5
ひとりぼっち vol. 2,短い,みじかい,94,5
ひとりぼっち vol. 3,隠す,かくす,94,5
かぐや1,模範的,もはんてき,95,5
かぐや2,選択肢,せんたくし,95,5
かぐや3,論外,ろんがい,95,5
かぐや4,謎,なぞ,95,5
かぐや5,差し出す,さしだす,95,5
かぐや6,無駄骨,むだぼね,95,5
かぐや7,毛虫,けむし,95,5
ひとりぼっち vol. 2,再開,さいかい,95,5
ひとりぼっち vol. 3,迷惑,めいわく,95,5
かぐや1,立ち振舞,たちふるまい,96,5
かぐや2,落としこむ,おとしこむ,96,5
かぐや3,座席表,ざせきひょう,96,5
かぐや4,挑み,いどみ,96,5
かぐや5,理由,りゆう,96,5
かぐや6,折る,おる,96,5
かぐや7,失念,しつねん,96,5
ひとりぼっち vol. 2,早々,そうそう,96,5
ひとりぼっち vol. 3,病人,びょうにん,96,5
かぐや1,抜擢,ばってき,97,5
かぐや2,話術,わじゅつ,97,5
かぐや3,中心,ちゅうしん,97,5
かぐや4,傾向,けいこう,97,5
かぐや5,企む,たくらむ,97,5
かぐや7,発見,はっけん,97,5
ひとりぼっち vol. 2,撃沈,げきちん,97,5
ひとりぼっち vol. 3,記憶,きおく,97,5
かぐや1,代々,だいだい,98,5
かぐや2,知る,しる,98,5
かぐや3,並んで,ならんで,98,5
かぐや4,対策,たいさく,98,5
かぐや5,憐れ,あわれ,98,5
かぐや7,瞬間,しゅんかん,98,5
ひとりぼっち vol. 2,目標,もくひょう,98,5
ひとりぼっち vol. 3,双子,ふたご,98,5
かぐや1,受け継ぐ,うけつぐ,99,5
かぐや2,可愛らしい,かわいらしい,99,5
かぐや3,空席,くうせき,99,5
かぐや4,練りあげる,ねりあげる,99,5
かぐや5,施し,ほどこし,99,5
かぐや7,失神,しっしん,99,5
ひとりぼっち vol. 2,低い,ひくい,99,5
ひとりぼっち vol. 3,成長,せいちょう,99,5
かぐや1,純金,じゅんきん,100,5
かぐや2,人,ひと,100,5
かぐや3,絞り込む,しぼりこむ,100,5
かぐや5,与える,あたえる,100,5
かぐや7,特訓,とっくん,100,5
ひとりぼっち vol. 2,挑戦,ちょうせん,100,5
ひとりぼっち vol. 3,語尾,ごび,100,5
かぐや1,飾緒,しょくしょ,101,5
かぐや2,残念,ざんねん,101,5
かぐや3,伝える,つたえる,101,5
かぐや5,屈辱,くつじょく,101,5
かぐや7,断念,だんねん,101,5
ひとりぼっち vol. 2,入部,にゅうぶ,101,5
ひとりぼっち vol. 3,強気,つよき,101,5
かぐや1,重み,おもみ,102,5
かぐや2,返す,かえす,102,5
かぐや3,済む,すむ,102,5
かぐや5,断じて,だんじて,102,5
かぐや7,去年,きぃねん,102,5
ひとりぼっち vol. 2,陸上部,りくじょうぶ,102,5
ひとりぼっち vol. 3,跳ぶ,とぶ,102,5
かぐや1,似合い,にあい,103,5
かぐや2,笑う,わらう,103,5
かぐや3,時点,じてん,103,5
かぐや5,譲る,ゆずる,103,5
かぐや7,新しい,あたらしい,103,5
ひとりぼっち vol. 2,貸す,かす,103,5
ひとりぼっち vol. 3,生クリーム,なまくりいむ,103,5
かぐや1,神聖,しんせい,104,5
かぐや2,何故,なぜ,104,5
かぐや3,行動,こうどう,104,5
かぐや5,返す,かえす,104,5
かぐや7,成長過程,せいちょうかてい,104,5
ひとりぼっち vol. 2,流れ,ながれ,104,5
ひとりぼっち vol. 3,髪,かみ,104,5
かぐや1,訊く,きく,105,5
かぐや2,策,さく,105,5
かぐや3,必死,ひっし,105,5
かぐや5,悪口,わるぐち,105,5
かぐや7,自信,じしん,105,5
ひとりぼっち vol. 2,勇気,ゆうき,105,5
ひとりぼっち vol. 3,型,がた,105,5
かぐや1,近づく,ちかづく,106,5
かぐや2,状況,じょうきょう,106,5
かぐや3,自然,しぜん,106,5
かぐや5,凄い,すごい,106,5
かぐや7,差し引く,さしひく,106,5
ひとりぼっち vol. 2,跳ぶ,とぶ,106,5
ひとりぼっち vol. 3,結う,ゆう,106,5
かぐや1,烏滸がましい,おこがましい,107,5
かぐや2,圧倒的,あっとうてき,107,5
かぐや3,匹,ぴき,107,5
かぐや5,痛い,いたい,107,5
かぐや7,攻撃力,こうげきりょく,107,5
ひとりぼっち vol. 2,説明,せつめい,107,5
ひとりぼっち vol. 3,合体,がったい,107,5
かぐや1,御座います,ございます,108,5
かぐや2,有利,ゆうり,108,5
かぐや3,人気,にんき,108,5
かぐや5,腐らす,くさらす,108,5
かぐや7,脆弱,ぜいじゃく,108,5
ひとりぼっち vol. 2,制服,せいふく,108,5
ひとりぼっち vol. 3,一応,いちおう,108,5
かぐや1,噂,うわさ,109,5
かぐや2,逆転,ぎゃくてん,109,5
かぐや3,作品,さくひん,109,5
かぐや5,勿体,もったい,109,5
かぐや7,豆鉄砲,まめでっぽう,109,5
ひとりぼっち vol. 2,着崩す,きくずす,109,5
ひとりぼっち vol. 3,遠慮,えんりょ,109,5
かぐや1,交際,こうさい,110,5
かぐや2,至難,しなん,110,5
かぐや3,主人公,しゅじんこう,110,5
かぐや5,姿,すがた,110,5
かぐや7,程度,ていど,110,5
ひとりぼっち vol. 2,側,がわ,110,5
ひとりぼっち vol. 3,手分け,てわけ,110,5
かぐや1,年頃,としごろ,111,5
かぐや2,笑み,えみ,111,5
かぐや3,国民的,こくみんてき,111,5
かぐや5,家畜,かちく,111,5
かぐや7,引き換え,ひきかえ,111,5
ひとりぼっち vol. 2,一対一,いちたいいち,111,5
ひとりぼっち vol. 3,探す,さがす,111,5
かぐや1,聞き流す,ききながす,112,5
かぐや2,只,ただ,112,5
かぐや3,印象,いんしょう,112,5
かぐや5,他人,たにん,112,5
かぐや7,戦車,せんしゃ,112,5
ひとりぼっち vol. 2,落ち着く,おちつく,112,5
ひとりぼっち vol. 3,唐突,とうとつ,112,5
かぐや1,事柄,ことがら,113,5
かぐや2,決める,きめる,113,5
かぐや3,苦しい,くるしい,113,5
かぐや5,依存,いぞん,113,5
かぐや7,比較,ひかく,113,5
ひとりぼっち vol. 2,色々,いろいろ,113,5
ひとりぼっち vol. 3,姉妹,きょうだい,113,5
かぐや1,疎い,うとい,114,5
かぐや2,定義,ていぎ,114,5
かぐや3,流石,さすが,114,5
かぐや5,長ける,たける,114,5
かぐや7,戦力,せんりょく,114,5
ひとりぼっち vol. 2,万端,ばんたん,114,5
ひとりぼっち vol. 3,理屈,りくつ,114,5
かぐや1,俺,おれ,115,5
かぐや2,決定権,けっていけん,115,5
かぐや3,伝わる,つたわる,115,5
かぐや5,寄生虫,きせいちゅう,115,5
かぐや7,差,さ,115,5
ひとりぼっち vol. 2,近所さん,きんじょさん,115,5
ひとりぼっち vol. 3,先輩,せんぱい,115,5
かぐや1,色恋,いろこい,116,5
かぐや2,場,ば,116,5
かぐや3,不正解,ふせいかい,116,5
かぐや5,胸,むね,116,5
かぐや7,絶望的,ぜつぼうてき,116,5
ひとりぼっち vol. 2,地獄,じごく,116,5
ひとりぼっち vol. 3,本番,ほんばん,116,5
かぐや1,花を咲かせる,はなをさかせる,117,5
かぐや2,空気,くうき,117,5
かぐや3,既に,すでに,117,5
かぐや5,赦し,ゆるし,117,5
かぐや7,不味い,まずい,117,5
ひとりぼっち vol. 2,横断歩道,おうだんほどう,117,5
ひとりぼっち vol. 3,手元,てもと,117,5
かぐや1,愚か,おろか,118,5
かぐや2,一見,いっけん,118,5
かぐや3,本日,ほんじつ,118,5
かぐや5,暗殺者,あんさつしゃ,118,5
かぐや7,視線,しせん,118,5
ひとりぼっち vol. 2,教室,きょうしつ,118,5
ひとりぼっち vol. 3,放送,ほうそう,118,5
かぐや1,連中,れんちゅう,119,5
かぐや2,自由,じゆう,119,5
かぐや3,勝敗,しょうはい,119,5
かぐや5,眼,め,119,5
かぐや7,釘付け,くぎづけ,119,5
ひとりぼっち vol. 2,職員室,しょくいんしつ,119,5
ひとりぼっち vol. 3,刺す,さす,119,5
かぐや1,確実,かくじつ,120,5
かぐや2,強烈,きょうれつ,120,5
かぐや3,結果,けっか,120,5
かぐや5,避難,ひなん,120,5
かぐや7,比べる,くらべる,120,5
ひとりぼっち vol. 2,一番,いちばん,120,5
ひとりぼっち vol. 3,練習,れんしゅう,120,5
かぐや1,向こう,むこう,121,5
かぐや2,制限,せいげん,121,5
かぐや3,両者,りょうしゃ,121,5
かぐや5,得策,とくさく,121,5
かぐや7,胸部,きょうぶ,121,5
ひとりぼっち vol. 2,交換,こうかん,121,5
ひとりぼっち vol. 3,気負う,きおう,121,5
かぐや1,完璧,かんぺき,122,5
かぐや2,模範,もはん,122,5
かぐや3,敗北,はいぼく,122,5
かぐや5,部活,ぶかつ,122,5
かぐや7,降る,ふる,122,5
ひとりぼっち vol. 2,隠れる,かくれる,122,5
ひとりぼっち vol. 3,震える,ふるえる,122,5
かぐや1,お嬢様,おじょうさま,123,5
かぐや2,解答,かいとう,123,5
かぐや5,会合,かいごう,123,5
かぐや7,判る,わかる,123,5
ひとりぼっち vol. 2,猫背,ねこぜ,123,5
ひとりぼっち vol. 3,胸,むね,123,5
かぐや1,仮面,かめん,124,5
かぐや2,予め,あらかじめ,124,5
かぐや5,急ぐ,いそぐ,124,5
かぐや7,裏切る,うらぎる,124,5
ひとりぼっち vol. 2,乱れる,みだれる,124,5
ひとりぼっち vol. 3,校庭,こうてい,124,5
かぐや1,崩す,くずす,125,5
かぐや2,容易い,たやすい,125,5
かぐや5,誤解,ごかい,125,5
かぐや7,河原,かわら,125,5
ひとりぼっち vol. 2,背すじ,せすじ,125,5
ひとりぼっち vol. 3,集合,しゅうごう,125,5
かぐや1,赤面,せきめん,126,5
かぐや2,例えば,たとえば,126,5
かぐや5,逃走,とうそう,126,5
かぐや7,血,ち,126,5
ひとりぼっち vol. 2,机,つくえ,126,5
ひとりぼっち vol. 3,隣,となり,126,5
かぐや1,哀願,あいがん,127,5
かぐや2,お前,おまえ,127,5
かぐや7,池,いけ,127,5
ひとりぼっち vol. 2,回る,まわる,127,5
ひとりぼっち vol. 3,胸元,むなもと,127,5
かぐや1,申し上げる,もうしあげる,128,5
かぐや2,片付ける,かたづける,128,5
かぐや7,地獄,じごく,128,5
ひとりぼっち vol. 2,大半,たいはん,128,5
ひとりぼっち vol. 3,入場,にゅうじょう,128,5
かぐや1,全く,まったく,129,5
かぐや2,さり気なく,さりげなく,129,5
かぐや7,輪廻,りんね,129,5
ひとりぼっち vol. 2,過ごす,すごす,129,5
ひとりぼっち vol. 3,証書,しょうしょ,129,5
かぐや1,下世話,げせわ,130,5
かぐや2,折角,せっかく,130,5
かぐや7,表す,あらわす,130,5
ひとりぼっち vol. 2,丸める,まるめる,130,5
ひとりぼっち vol. 3,授与,じゅよ,130,5
かぐや1,愚民,ぐみん,131,5
かぐや2,涙ながら,なみだながら,131,5
かぐや7,風車,かざぐるま,131,5
ひとりぼっち vol. 2,背中,せなか,131,5
ひとりぼっち vol. 3,斉唱,せいしょう,131,5
かぐや1,共,ども,132,5
かぐや2,訴える,うったえる,132,5
かぐや7,一杯,いっぱい,132,5
ひとりぼっち vol. 2,読む,よむ,132,5
ひとりぼっち vol. 3,退場,たいじょう,132,5
かぐや1,心臓,しんぞう,133,5
かぐや2,判る,わかる,133,5
かぐや7,蓮華,れんげ,133,5
ひとりぼっち vol. 2,文字,もじ,133,5
ひとりぼっち vol. 3,後輩,こうはい,133,5
かぐや1,人間,にんげん,134,5
かぐや2,一緒,いっしょ,134,5
かぐや7,山並み,やまなみ,134,5
ひとりぼっち vol. 2,消える,きえる,134,5
ひとりぼっち vol. 3,進路相談,しんろそうだん,134,5
かぐや1,平民,へいみん,135,5
かぐや2,様子,ようす,135,5
かぐや7,計画,けいかく,135,5
ひとりぼっち vol. 2,最近,さいきん,135,5
ひとりぼっち vol. 3,打ち上げる,うちあげる,135,5
かぐや1,発想,はっそう,136,5
かぐや2,狙い,ねらい,136,5
かぐや7,白紙,はくし,136,5
ひとりぼっち vol. 2,悲しい,かなしい,136,5
ひとりぼっち vol. 3,経つ,たつ,136,5
かぐや1,至る,いたる,137,5
かぐや2,感付く,かんづく,137,5
かぐや7,怖い,こわい,137,5
ひとりぼっち vol. 2,隙,すき,137,5
ひとりぼっち vol. 3,諦める,あきらめる,137,5
かぐや1,可能性,かのうせい,138,5
かぐや2,瑣末,さまつ,138,5
かぐや7,未,み,138,5
ひとりぼっち vol. 2,乱す,みだす,138,5
ひとりぼっち vol. 3,引き続き,ひきつづき,138,5
かぐや1,確か,たしか,139,5
かぐや2,推測,すいそく,139,5
かぐや7,決着,けっちゃく,139,5
ひとりぼっち vol. 2,持ち歩き,もちあるく,139,5
ひとりぼっち vol. 3,担任,たんにん,139,5
かぐや1,跪く,ひざまずく,140,5
かぐや2,大筋,おおすじ,140,5
ひとりぼっち vol. 2,放課後,ほうかご,140,5
ひとりぼっち vol. 3,心機一転,しんきいってん,140,5
かぐや1,身も心も,みもこころも,141,5
かぐや2,正解,せいかい,141,5
ひとりぼっち vol. 2,早速,さっそく,141,5
ひとりぼっち vol. 3,自己紹介,じこしょうかい,141,5
かぐや1,故郷,ふるさと,142,5
かぐや2,自体,じたい,142,5
ひとりぼっち vol. 2,楽勝,らくしょう,142,5
ひとりぼっち vol. 3,借りる,かりる,142,5
かぐや1,捧げる,ささげる,143,5
かぐや2,計画,けいかく,143,5
ひとりぼっち vol. 2,鍛錬,たんれん,143,5
ひとりぼっち vol. 3,歌詞,かし,143,5
かぐや1,見合う,みあう,144,5
かぐや2,心身,しんしん,144,5
ひとりぼっち vol. 2,足りない,たりない,144,5
ひとりぼっち vol. 3,廃盤,はいばん,144,5
かぐや1,鍛え上げる,きたえあげる,145,5
かぐや2,掌握,しょうあく,145,5
ひとりぼっち vol. 2,組,ぐみ,145,5
ひとりぼっち vol. 3,立候補,りっこうほ,145,5
かぐや1,恋い焦がれる,こいこがれる,146,5
かぐや2,得意,とくい,146,5
ひとりぼっち vol. 2,後ろ姿,うしろすがた,146,5
ひとりぼっち vol. 3,重なる,かさなる,146,5
かぐや1,居る,いる,147,5
かぐや2,凡夫,ぼんぷ,147,5
ひとりぼっち vol. 2,輝き,かがやき,147,5
ひとりぼっち vol. 3,投票,とうひょう,147,5
かぐや1,半年,はんとし,148,5
かぐや2,十分,じゅうぶん,148,5
ひとりぼっち vol. 2,手裏剣,しゅりけん,148,5
ひとりぼっち vol. 3,多数決,たすうけつ,148,5
かぐや1,過ぎる,すぎる,149,5
かぐや2,通用,つうよう,149,5
ひとりぼっち vol. 2,配る,くばる,149,5
ひとりぼっち vol. 3,票,ひょう,149,5
かぐや1,特に,とくに,150,5
かぐや2,伊達,だて,150,5
ひとりぼっち vol. 2,人気,にんき,150,5
ひとりぼっち vol. 3,選挙,せんきょ,150,5
かぐや1,庭,にわ,151,5
かぐや2,勘違い,かんちがい,151,5
ひとりぼっち vol. 2,我慢,がまん,151,5
ひとりぼっち vol. 3,活動,かつどう,151,5
かぐや1,噴水,ふんすい,152,5
かぐや2,邪魔,じゃま,152,5
ひとりぼっち vol. 2,邪魔,じゃま,152,5
ひとりぼっち vol. 3,対策,たいさく,152,5
かぐや1,甘い,あまい,153,5
かぐや2,高嶺の花,たかねのはな,153,5
ひとりぼっち vol. 2,折る,おる,153,5
ひとりぼっち vol. 3,有権者,ゆうけんしゃ,153,5
かぐや1,奥深い,おくふかい,154,5
かぐや2,不憫,ふびん,154,5
ひとりぼっち vol. 2,忍者,にんじゃ,154,5
ひとりぼっち vol. 3,握手,あくしゅ,154,5
かぐや1,妹,いもうと,155,5
かぐや2,垂れる,たれる,155,5
ひとりぼっち vol. 2,関係,かんけい,155,5
ひとりぼっち vol. 3,一言,ひとこと,155,5
かぐや1,昔,むかし,156,5
かぐや2,勝ち,かち,156,5
ひとりぼっち vol. 2,体育,たいいく,156,5
ひとりぼっち vol. 3,演説,えんぜつ,156,5
かぐや1,暑い,あつい,157,5
かぐや2,一体,いったい,157,5
ひとりぼっち vol. 2,比べる,くらべる,157,5
ひとりぼっち vol. 3,印象的,いんしょうてき,157,5
かぐや1,風邪,かぜ,158,5
かぐや2,格好,かっこう,158,5
ひとりぼっち vol. 2,運動,うんどう,158,5
ひとりぼっち vol. 3,勝利,しょうり,158,5
かぐや1,引く,ひく,159,5
かぐや2,除く,のぞく,159,5
ひとりぼっち vol. 2,寂しい,さびしい,159,5
ひとりぼっち vol. 3,確実,かくじつ,159,5
かぐや1,感情,かんじょう,160,5
かぐや2,此処,ここ,160,5
ひとりぼっち vol. 2,倒す,たおす,160,5
ひとりぼっち vol. 3,裏金,うらがね,160,5
かぐや1,動く,うごく,161,5
かぐや2,呆ける,ほうける,161,5
ひとりぼっち vol. 2,断る,ことわる,161,5
ひとりぼっち vol. 3,去年,きょねん,161,5
かぐや1,期間,きかん,162,5
かぐや2,隙,すき,162,5
ひとりぼっち vol. 2,限る,かぎる,162,5
ひとりぼっち vol. 3,不満,ふまん,162,5
かぐや1,思考,しこう,163,5
かぐや2,動作,どうさ,163,5
ひとりぼっち vol. 2,中途半端,ちゅうとはんぱ,163,5
ひとりぼっち vol. 3,変化,へんか,163,5
かぐや1,如何に,いかに,164,5
かぐや2,割り出す,わりだす,164,5
ひとりぼっち vol. 2,帰国,きこく,164,5
ひとりぼっち vol. 3,望む,のぞむ,164,5
かぐや1,相手,あいて,165,5
かぐや2,隠す,かくす,165,5
ひとりぼっち vol. 2,相談,そうだん,165,5
ひとりぼっち vol. 3,真面目,まじめ,165,5
かぐや1,室,しつ,166,5
かぐや2,前提条件,ぜんていじょうけん,166,5
ひとりぼっち vol. 2,宿題,しゅくだい,166,5
ひとりぼっち vol. 3,移動,いどう,166,5
かぐや1,超,ちょう,167,5
かぐや2,羽目,はめ,167,5
ひとりぼっち vol. 2,難しい,むずかしい,167,5
ひとりぼっち vol. 3,後日,ごじつ,167,5
かぐや1,高校級,こうこうきゅう,168,5
かぐや2,必要,ひつよう,168,5
ひとりぼっち vol. 2,速歩,そくほ,168,5
ひとりぼっち vol. 3,忙しい,いそがしい,168,5
かぐや1,頭脳,ずのう,169,5
かぐや2,貰う,もらう,169,5
ひとりぼっち vol. 2,調理室,ちょうりしつ,169,5
ひとりぼっち vol. 3,保護,ほご,169,5
かぐや1,高度,こうど,170,5
かぐや2,有効,ゆうこう,170,5
ひとりぼっち vol. 2,調理,ちょうり,170,5
ひとりぼっち vol. 3,貼る,はる,170,5
かぐや1,駆け引き,かけひき,171,5
かぐや2,活用,かつよう,171,5
ひとりぼっち vol. 2,実習,じっしゅう,171,5
ひとりぼっち vol. 3,消える,きえる,171,5
かぐや1,書記,しょき,172,5
かぐや2,言葉,ことば,172,5
ひとりぼっち vol. 2,班,はん,172,5
ひとりぼっち vol. 3,復活,ふっかつ,172,5
かぐや1,気づく,きづく,173,5
かぐや2,甘い,あまい,173,5
ひとりぼっち vol. 2,別々,べつべつ,173,5
ひとりぼっち vol. 3,不思議,ふしぎ,173,5
かぐや1,懸賞,かんしょう,174,5
かぐや2,当日,とうじつ,174,5
ひとりぼっち vol. 2,機能,きのう,174,5
ひとりぼっち vol. 3,機械,きかい,174,5
かぐや1,映画,えいが,175,5
かぐや2,出くわす,でくわす,175,5
ひとりぼっち vol. 2,最初,さいしょ,175,5
ひとりぼっち vol. 3,遅れる,おくれる,175,5
かぐや1,当たる,あたる,176,5
かぐや2,果たして,はたして,176,5
ひとりぼっち vol. 2,大事,だいじ,176,5
ひとりぼっち vol. 3,友情,ゆうじょう,176,5
かぐや1,方針,ほうしん,177,5
かぐや2,編,へん,177,5
ひとりぼっち vol. 2,分量,ぶんりょう,177,5
ひとりぼっち vol. 3,動画,どうが,177,5
かぐや1,観る,みる,178,5
ひとりぼっち vol. 2,量る,はかる,178,5
ひとりぼっち vol. 3,普通,ふつう,178,5
かぐや1,禁止,きんし,179,5
ひとりぼっち vol. 2,遅い,おそい,179,5
ひとりぼっち vol. 3,美人,びじん,179,5
かぐや1,興味,きょうみ,180,5
ひとりぼっち vol. 2,砂糖,さとう,180,5
ひとりぼっち vol. 3,写真,しゃしん,180,5
かぐや1,譲り,ゆずり,181,5
ひとりぼっち vol. 2,太る,ふとる,181,5
ひとりぼっち vol. 3,隠密,おんみつ,181,5
かぐや1,公開,こうかい,182,5
ひとりぼっち vol. 2,返事,へんじ,182,5
ひとりぼっち vol. 3,集団,しゅうだん,182,5
かぐや1,今週末,こんしゅうまつ,183,5
ひとりぼっち vol. 2,強力粉,きょうりきこ,183,5
ひとりぼっち vol. 3,祝い,いわい,183,5
かぐや1,備考,びこう,184,5
ひとりぼっち vol. 2,役割,やくわり,184,5
ひとりぼっち vol. 3,時間目,じかんめ,184,5
かぐや1,珍しい,めずらしい,185,5
ひとりぼっち vol. 2,困る,こかる,185,5
ひとりぼっち vol. 3,体育,たいいく,185,5
かぐや1,男女,だんじょ,186,5
ひとりぼっち vol. 2,かき回す,かきまわす,186,5
ひとりぼっち vol. 3,正解者,せいかいしゃ,186,5
かぐや1,誘う,さそう,187,5
ひとりぼっち vol. 2,新しい,あたらしい,187,5
ひとりぼっち vol. 3,特製,とくせい,187,5
かぐや1,仰る,おっしゃる,188,5
ひとりぼっち vol. 2,逆,ぎゃく,188,5
ひとりぼっち vol. 3,延べ棒,のべぼう,188,5
かぐや1,突然,とつぜん,189,5
ひとりぼっち vol. 2,味,あじ,189,5
ひとりぼっち vol. 3,不正解,ふせいかい,189,5
かぐや1,窮地,きゅうち,190,5
ひとりぼっち vol. 2,味見,あじみ,190,5
ひとりぼっち vol. 3,汚い,きたない,190,5
かぐや1,絶対,ぜったい,191,5
ひとりぼっち vol. 2,笑う,わらう,191,5
ひとりぼっち vol. 3,腹いっぱい,はらいっぱい,191,5
かぐや1,即ち,すなわち,192,5
ひとりぼっち vol. 2,表情,ひょうじょう,192,5
ひとりぼっち vol. 3,腹,はら,192,5
かぐや1,両者,りょうしゃ,193,5
ひとりぼっち vol. 2,迷惑,めいわく,193,5
ひとりぼっち vol. 3,痛い,いたい,193,5
かぐや1,に於いて,において,194,5
ひとりぼっち vol. 2,謝る,あやまる,194,5
ひとりぼっち vol. 3,寝顔,ねがお,194,5
かぐや1,自ら,みずから,195,5
ひとりぼっち vol. 2,お好み焼き,おこのみやき,195,5
ひとりぼっち vol. 3,消す,けす,195,5
かぐや1,誤魔化す,ごまかす,196,5
ひとりぼっち vol. 2,納豆,なっとう,196,5
ひとりぼっち vol. 3,連写,れんしゃ,196,5
かぐや1,選択肢,せんたくし,197,5
ひとりぼっち vol. 2,派,は,197,5
ひとりぼっち vol. 3,苦手,にがて,197,5
かぐや1,例,れい,198,5
ひとりぼっち vol. 2,大粒,おおつぶ,198,5
ひとりぼっち vol. 3,特訓,とっくん,198,5
かぐや1,屋,や,199,5
ひとりぼっち vol. 2,豆,まめ,199,5
ひとりぼっち vol. 3,合格,ごうかく,199,5
かぐや1,売り,うり,200,5
ひとりぼっち vol. 2,紹介,しょうかい,200,5
ひとりぼっち vol. 3,予感,よかん,200,5
かぐや1,慌てる,あわてる,201,5
ひとりぼっち vol. 2,次第,しだい,201,5
ひとりぼっち vol. 3,眉間,みけん,201,5
かぐや1,可愛い,かわいい,202,5
ひとりぼっち vol. 2,自作,じさく,202,5
ひとりぼっち vol. 3,満々,まんまん,202,5
かぐや1,征く道,ゆくみち,203,5
ひとりぼっち vol. 2,曲,きょく,203,5
ひとりぼっち vol. 3,奥の手,おくのて,203,5
かぐや1,逃げ道,にげみち,204,5
ひとりぼっち vol. 2,着る,きる,204,5
ひとりぼっち vol. 3,閉じる,とじる,204,5
かぐや1,無し,なし,205,5
ひとりぼっち vol. 2,手強い,てごわい,205,5
ひとりぼっち vol. 3,居眠り,いねむり,205,5
かぐや1,貴様,きさま,206,5
ひとりぼっち vol. 2,諦める,あきらめる,206,5
ひとりぼっち vol. 3,小声,こごえ,206,5
かぐや1,刹那,せつな,207,5
ひとりぼっち vol. 2,来週,らいしゅう,207,5
ひとりぼっち vol. 3,火事,かじ,207,5
かぐや1,常人,じょうじん,208,5
ひとりぼっち vol. 2,校外学習,こうがいがくしゅう,208,5
ひとりぼっち vol. 3,階,かい,208,5
かぐや1,熟考,じゅっこう,209,5
ひとりぼっち vol. 2,絶好,ぜっこう,209,5
ひとりぼっち vol. 3,男子,だんし,209,5
かぐや1,値する,あたいする,210,5
ひとりぼっち vol. 2,絶交,ぜっこう,210,5
ひとりぼっち vol. 3,火災,かさい,210,5
かぐや1,切り込む,きりこむ,211,5
ひとりぼっち vol. 2,誘う,さそう,211,5
ひとりぼっち vol. 3,発生,はっせい,211,5
かぐや1,勧誘,かんゆう,212,5
ひとりぼっち vol. 2,弱い,よわい,212,5
ひとりぼっち vol. 3,避難訓練,ひなんくんれん,212,5
かぐや1,意思,いし,213,5
ひとりぼっち vol. 2,助ける,たすける,213,5
ひとりぼっち vol. 3,避難,ひなん,213,5
かぐや1,示す,しめす,214,5
ひとりぼっち vol. 2,侮る,あなどる,214,5
ひとりぼっち vol. 3,抜き打ち,ぬきうち,214,5
かぐや1,譲渡,じょうと,215,5
ひとりぼっち vol. 2,評価,ひょうか,215,5
ひとりぼっち vol. 3,勘づく,かんづく,215,5
かぐや1,切り返し,きりかえし,216,5
ひとりぼっち vol. 2,油断,ゆだん,216,5
ひとりぼっち vol. 3,有事,ゆうじ,216,5
かぐや1,自体,じたい,217,5
ひとりぼっち vol. 2,記念,きねん,217,5
ひとりぼっち vol. 3,際,さい,217,5
かぐや1,断る,ことわる,218,5
ひとりぼっち vol. 2,写真撮,しゃしんさつ,218,5
ひとりぼっち vol. 3,危険,きけん,218,5
かぐや1,下準備,したじゅんび,219,5
ひとりぼっち vol. 2,待ち受ける,まちうける,219,5
ひとりぼっち vol. 3,放火,ほうか,219,5
かぐや1,無意味,むいみ,220,5
ひとりぼっち vol. 2,写る,うつる,220,5
ひとりぼっち vol. 3,通報,つうほう,220,5
かぐや1,偽造,ぎぞう,221,5
ひとりぼっち vol. 2,一生懸命,いっしょうけんめい,221,5
ひとりぼっち vol. 3,時限,じげん,221,5
かぐや1,投函,とうかん,222,5
ひとりぼっち vol. 2,打たれる,うたれる,222,5
ひとりぼっち vol. 3,発火装置,はっかそうち,222,5
かぐや1,少ない,すくない,223,5
ひとりぼっち vol. 2,取り掛かる,とりかかる,223,5
ひとりぼっち vol. 3,嘘,うそ,223,5
かぐや1,休日,きゅうじつ,224,5
ひとりぼっち vol. 2,系,けい,224,5
ひとりぼっち vol. 3,真剣,しんけん,224,5
かぐや1,狙い,ねらい,225,5
ひとりぼっち vol. 2,飯盒,はんごう,225,5
ひとりぼっち vol. 3,押す,おす,225,5
かぐや1,打つ,うつ,226,5
ひとりぼっち vol. 2,米,こめ,226,5
ひとりぼっち vol. 3,駆ける,かける,226,5
かぐや1,計画,けいかく,227,5
ひとりぼっち vol. 2,野菜,やさい,227,5
ひとりぼっち vol. 3,危機的,ききてき,227,5
かぐや1,此処,ここ,228,5
ひとりぼっち vol. 2,監督,かんとく,228,5
ひとりぼっち vol. 3,黙る,だまる,228,5
かぐや1,案外,あんがい,229,5
ひとりぼっち vol. 2,左手,ひだりて,229,5
ひとりぼっち vol. 3,全否定,ぜんひてい,229,5
かぐや1,弱い,よわい,230,5
ひとりぼっち vol. 2,似合う,にあう,230,5
ひとりぼっち vol. 3,回る,まわる,230,5
かぐや1,状況,じょうきょう,231,5
ひとりぼっち vol. 2,煮込む,にこむ,231,5
ひとりぼっち vol. 3,運動場,うんどうじょう,231,5
かぐや1,今後,こんご,232,5
ひとりぼっち vol. 2,初日,しょにち,232,5
ひとりぼっち vol. 3,倒す,たおす,232,5
かぐや1,無い,ない,233,5
ひとりぼっち vol. 2,本人,ほんにん,233,5
ひとりぼっち vol. 3,燃料,ねんりょう,233,5
かぐや1,乙女,おとめ,234,5
ひとりぼっち vol. 2,実感,じっかん,234,5
ひとりぼっち vol. 3,消火,しょうか,234,5
かぐや1,退路,たいろ,235,5
ひとりぼっち vol. 2,完成,かんせい,235,5
ひとりぼっち vol. 3,応える,こたえる,235,5
かぐや1,信じる,しんじる,236,5
ひとりぼっち vol. 2,代官,だいかん,236,5
ひとりぼっち vol. 3,遅い,おそい,236,5
かぐや1,情熱,じょうねつ,237,5
ひとりぼっち vol. 2,当たり前,あたりまえ,237,5
ひとりぼっち vol. 3,拍手,はくしゅ,237,5
かぐや1,頂く,いただく,238,5
ひとりぼっち vol. 2,研究,けんきゅう,238,5
ひとりぼっち vol. 3,迎える,むかえる,238,5
かぐや1,純真無垢,じゅんしんむく,239,5
ひとりぼっち vol. 2,執念,しゅうねん,239,5
ひとりぼっち vol. 3,誕生日,たんじょうび,239,5
かぐや1,発動,はつどう,240,5
ひとりぼっち vol. 2,火加減,ひかげん,240,5
ひとりぼっち vol. 3,炎,ほのお,240,5
かぐや1,帝王学,ていおうがく,241,5
ひとりぼっち vol. 2,危なっかしい,あぶなっかしい,241,5
ひとりぼっち vol. 3,穴ぼこ,あなぼこ,241,5
かぐや1,編み出す,あみだす,242,5
ひとりぼっち vol. 2,同士,どうし,242,5
ひとりぼっち vol. 3,数,かず,242,5
かぐや1,一子相伝,いっしそうでん,243,5
ひとりぼっち vol. 2,腕ずもう,うでずもう,243,5
ひとりぼっち vol. 3,回す,まわす,243,5
かぐや1,交渉,こうしょう,244,5
ひとりぼっち vol. 2,赤点,あかてん,244,5
ひとりぼっち vol. 3,日々,ひび,244,5
かぐや1,術,じゅつ,245,5
ひとりぼっち vol. 2,中間試験,ちゅうかんしけん,245,5
ひとりぼっち vol. 3,兆す,きざす,245,5
かぐや1,計算,けいさん,246,5
ひとりぼっち vol. 2,補習,ほしゅう,246,5
ひとりぼっち vol. 3,捕まえる,つかまえる,246,5
かぐや1,表情,ひょうじょう,247,5
ひとりぼっち vol. 2,追試,ついし,247,5
ひとりぼっち vol. 3,弱々しい,よわよわしい,247,5
かぐや1,声音,せいおん,248,5
ひとりぼっち vol. 2,合格点,ごうかくてん,248,5
ひとりぼっち vol. 3,鬼,おに,248,5
かぐや1,前,まえ,249,5
ひとりぼっち vol. 2,居残る,いのこる,249,5
ひとりぼっち vol. 3,いつの間に,いつのまに,249,5
かぐや1,神,かみ,250,5
ひとりぼっち vol. 2,数学,すうがく,250,5
ひとりぼっち vol. 3,隠れ家,かくれが,250,5
かぐや1,胸,むね,251,5
ひとりぼっち vol. 2,役に立つ,やくにたつ,251,5
ひとりぼっち vol. 3,名字,みょうじ,251,5
かぐや1,事実,じじつ,252,5
ひとりぼっち vol. 2,面積,めんせき,252,5
ひとりぼっち vol. 3,落ち込む,おちこむ,252,5
かぐや1,乱,らん,253,5
ひとりぼっち vol. 2,趣味,しゅみ,253,5
ひとりぼっち vol. 3,受験,じゅけん,253,5
かぐや1,頑な,かたくな,254,5
ひとりぼっち vol. 2,爆笑,ばくしょう,254,5
ひとりぼっち vol. 3,当日,とうじつ,254,5
かぐや1,霧散,むさん,255,5
ひとりぼっち vol. 2,塾,じゅく,255,5
ひとりぼっち vol. 3,乗り切る,のりきる,255,5
かぐや1,役目,やくめ,256,5
ひとりぼっち vol. 2,開校,かいこう,256,5
ひとりぼっち vol. 3,面接,めんせつ,256,5
かぐや1,脳裏,のうり,257,5
ひとりぼっち vol. 2,復習,ふくしゅう,257,5
ひとりぼっち vol. 3,決断,けつだん,257,5
かぐや1,揺らぎ,ゆらぎ,258,5
ひとりぼっち vol. 2,正解,せいかい,258,5
ひとりぼっち vol. 3,無人島,むじんとう,258,5
かぐや1,生む,うむ,259,5
ひとりぼっち vol. 2,脇,わき,259,5
ひとりぼっち vol. 3,暮らす,くらす,259,5
かぐや1,隙,すき,260,5
ひとりぼっち vol. 2,義務教育,ぎむきょういく,260,5
ひとりぼっち vol. 3,後悔,こうかい,260,5
かぐや1,見逃す,みのがす,261,5
ひとりぼっち vol. 2,経てば,たてば,261,5
ひとりぼっち vol. 3,秘技,ひぎ,261,5
かぐや1,追撃,ついげき,262,5
ひとりぼっち vol. 2,相変わらず,あいかわらず,262,5
ひとりぼっち vol. 3,触角,しょっかく,262,5
かぐや1,詰将棋,つめしょうぎ,263,5
ひとりぼっち vol. 2,余計,よけい,263,5
ひとりぼっち vol. 3,隠し,かくし,263,5
かぐや1,様相,ようそう,264,5
ひとりぼっち vol. 2,素晴らしい,すばらしい,264,5
ひとりぼっち vol. 3,確率,かくりつ,264,5
かぐや1,呈する,ていする,265,5
ひとりぼっち vol. 2,校歌,こうか,265,5
ひとりぼっち vol. 3,減る,へる,265,5
かぐや1,始める,はじめる,266,5
ひとりぼっち vol. 2,詞,し,266,5
ひとりぼっち vol. 3,開く,ひらく,266,5
かぐや1,追い詰める,おいつめる,267,5
ひとりぼっち vol. 2,登校,とうこう,267,5
ひとりぼっち vol. 3,立派,りっぱ,267,5
かぐや1,逆転,ぎゃくてん,268,5
ひとりぼっち vol. 2,全身,ぜんしん,268,5
かぐや1,機,き,269,5
ひとりぼっち vol. 2,対する,たいする,269,5
かぐや1,探す,さがす,270,5
ひとりぼっち vol. 2,言い訳,いいわけ,270,5
かぐや1,決着,けっちゃく,271,5
ひとりぼっち vol. 2,思案,しあん,271,5
かぐや1,論理,ろんり,272,5
ひとりぼっち vol. 2,浮かぶ,うかぶ,272,5
かぐや1,組み立て,くみたて,273,5
ひとりぼっち vol. 2,遅刻,ちこく,273,5
かぐや1,理論,りろん,274,5
ひとりぼっち vol. 2,着替え,きがえ,274,5
かぐや1,先,さき,275,5
ひとりぼっち vol. 2,世話,せわ,275,5
かぐや1,完成,かんせい,276,5
ひとりぼっち vol. 2,簡単,かんたん,276,5
かぐや1,嫌,いや,277,5
ひとりぼっち vol. 2,騙す,だます,277,5
かぐや1,鳥,とり,278,5
ひとりぼっち vol. 2,幸せ,しあわせ,278,5
かぐや1,助,じょ,279,5
ひとりぼっち vol. 2,認識,にんしき,279,5
かぐや1,何気ない,なにげない,280,5
ひとりぼっち vol. 2,恥ずかしい,はずかしい,280,5
かぐや1,一言,ひとこと,281,5
ひとりぼっち vol. 2,救う,すくう,281,5
かぐや1,寸前,すんぜん,282,5
ひとりぼっち vol. 2,不覚,ふかく,282,5
かぐや1,一点,いってん,283,5
ひとりぼっち vol. 2,掃除,そうじ,283,5
かぐや1,混入,こんにゅう,284,5
ひとりぼっち vol. 2,教師,きょうし,284,5
かぐや1,乱数,らんすう,285,5
ひとりぼっち vol. 2,威厳,いげん,285,5
かぐや1,増大,ぞうだい,286,5
ひとりぼっち vol. 2,気弱,きよわ,286,5
かぐや1,莫大,ばくだい,287,5
ひとりぼっち vol. 2,卒業,そつぎょう,287,5
かぐや1,増える,ふえる,288,5
ひとりぼっち vol. 2,直角三角形,ちょっかくさんかっけい,288,5
かぐや1,処理,しょり,289,5
ひとりぼっち vol. 2,体現,たいげん,289,5
かぐや1,為,ため,290,5
ひとりぼっち vol. 2,愛想,あいそ,290,5
かぐや1,限界,げんかい,291,5
ひとりぼっち vol. 2,平等,びょうどう,291,5
かぐや1,越える,こえる,292,5
ひとりぼっち vol. 2,接する,せっする,292,5
かぐや1,回転,かいてん,293,5
ひとりぼっち vol. 2,失格,しっかく,293,5
かぐや1,強いる,しいる,294,5
ひとりぼっち vol. 2,生徒,せいと,294,5
かぐや1,結果,けっか,295,5
ひとりぼっち vol. 2,向き合う,むきあう,295,5
かぐや1,脳,のう,296,5
ひとりぼっち vol. 2,卒業式,そつぎょうしき,296,5
かぐや1,大量,たいりょう,297,5
ひとりぼっち vol. 2,興味,きょうみ,297,5
かぐや1,糖分,とうぶん,298,5
ひとりぼっち vol. 2,一面,いちめん,298,5
かぐや1,欲する,ほっする,299,5
ひとりぼっち vol. 2,注意,ちゅうい,299,5
かぐや1,饅頭,まんじゅう,300,5
ひとりぼっち vol. 2,集中,しゅうちゅう,300,5
かぐや1,限り,かぎり,301,5
ひとりぼっち vol. 2,完全,かんぜん,301,5
かぐや1,午後,ごご,302,5
ひとりぼっち vol. 2,裏番,うらばん,302,5
かぐや1,授業,じゅぎょう,303,5
ひとりぼっち vol. 2,自習,じしゅう,303,5
かぐや1,放課後,ほうかご,304,5
ひとりぼっち vol. 2,待ち伏せる,まちぶせる,304,5
かぐや1,本日,ほんじつ,305,5
ひとりぼっち vol. 2,不思議,ふしぎ,305,5
かぐや1,勝敗,しょうはい,306,5
ひとりぼっち vol. 2,舎弟,しゃてい,306,5
かぐや1,敗北,はいぼく,307,5
ひとりぼっち vol. 2,必要,ひつよう,307,5
ひとりぼっち vol. 2,頼る,たよる,308,5
ひとりぼっち vol. 2,受けとめる,うけとめる,309,5
ひとりぼっち vol. 2,お疲れ様,おつかれさま,310,5
ひとりぼっち vol. 2,深刻,しんこく,311,5
ひとりぼっち vol. 2,事態,じたい,312,5
ひとりぼっち vol. 2,妖精,ようせい,313,5
ひとりぼっち vol. 2,自信,じしん,314,5
ひとりぼっち vol. 2,踏む,ふむ,315,5
ひとりぼっち vol. 2,朝,あさ,316,5
ひとりぼっち vol. 2,最強,さいきょう,317,5
ひとりぼっち vol. 2,採る,とる,318,5
ひとりぼっち vol. 2,伝える,つたえる,319,5
ひとりぼっち vol. 2,免許皆伝,めんきょかいでん,320,5
ひとりぼっち vol. 2,気絶,きぜつ,321,5
ひとりぼっち vol. 2,明ける,あける,322,5
ひとりぼっち vol. 2,初詣,はつもうで,323,5
ひとりぼっち vol. 2,屋台,やたい,324,5
ひとりぼっち vol. 2,分ける,わける,325,5
ひとりぼっち vol. 2,金魚,きんぎょ,326,5
ひとりぼっち vol. 2,寿司,すし,327,5
ひとりぼっち vol. 2,礼,れい,328,5
ひとりぼっち vol. 2,拍手,はくしゅ,329,5
ひとりぼっち vol. 2,呪文,じゅもん,330,5
ひとりぼっち vol. 2,断じて,だんじて,331,5
ひとりぼっち vol. 2,秘密,ひみつ,332,5
ひとりぼっち vol. 2,甘党,あまとう,333,5
ひとりぼっち vol. 2,図書,としょ,334,5
ひとりぼっち vol. 2,粉,こな,335,5
ひとりぼっち vol. 2,遠い,とおい,336,5
ひとりぼっち vol. 2,予定,よてい,337,5
ひとりぼっち vol. 2,連絡先,れんらくさき,338,5
ひとりぼっち vol. 2,着物,きもの,339,5
ひとりぼっち vol. 2,甚平,じんべい,340,5
ひとりぼっち vol. 2,寒い,さむい,341,5
ひとりぼっち vol. 2,治る,なおる,342,5
